rep,mig_time,mig_rate,D,ABBA,BABA,FST_AB,FST_BC
0,recent,none,-0.03143824115453861,788.0787499999994,839.2387500000003,0.4430241883021934,0.44051934933548864
1,recent,none,0.05721889424632937,814.1777499999987,726.047749999999,0.43957295182160416,0.4458369938374998
2,recent,none,0.02157718324919024,797.7674999999991,764.0675000000001,0.44134243391980177,0.44183185018545595
3,recent,none,0.005873836036062031,800.1492499999987,790.8042499999997,0.4328793120800719,0.4324410569375011
4,recent,none,0.01595182923049795,852.3145000000001,825.5494999999999,0.442520156453614,0.43424124011272724
5,recent,none,-0.01768113872635946,828.9864999999998,858.8289999999995,0.4482011056030096,0.44685079616071904
6,recent,none,-0.060028683966607675,766.1607499999997,864.0182500000002,0.44003038315354315,0.44219029516831754
7,recent,none,-0.0027373135461338342,821.0899999999997,825.597499999999,0.4476965123649971,0.4465453726963994
8,recent,none,0.03378497443644232,850.6510000000003,795.0509999999983,0.4523759168111541,0.4489165148200347
9,recent,none,-0.007504898680714189,786.8655000000003,798.7654999999999,0.4414151237629037,0.4349869847833929
10,recent,none,-0.010911439162208884,801.4322499999998,819.11475,0.4431554541578052,0.44601859483801176
11,recent,none,0.024768335678851654,780.0575000000006,742.3499999999992,0.4430603467537723,0.4406399862920236
12,recent,none,0.003659126314678495,796.4674999999996,790.6599999999997,0.44196567629139066,0.4473724584901993
13,recent,none,-0.016978612721225094,796.0199999999994,823.5175000000005,0.4427618455170737,0.4450733235047907
14,recent,none,0.05295663613625384,792.1784999999996,712.496,0.4495429911997668,0.4374487061712637
15,recent,none,-0.03830949087464558,751.0247499999999,810.8597500000003,0.4453900788176834,0.4421430284087819
16,recent,none,0.009034460542733895,817.5509999999994,802.9109999999997,0.4385831693538543,0.4397770028884706
17,recent,none,-0.03175161427216651,809.39925,862.4842499999997,0.44136948100574985,0.44686157879241545
18,recent,none,-0.005753108381748957,788.0549999999994,797.1749999999993,0.43914290970350445,0.4420955175866663
19,recent,none,0.02664418251547239,886.275999999998,840.2735000000005,0.4409787866637313,0.4372603698810606
20,recent,none,-0.0057214126329806015,782.4535000000005,791.4585000000003,0.44841420971283347,0.4383090089310346
21,recent,none,-0.021341008044089213,719.112999999999,750.4755,0.44653591380447977,0.440122745799288
22,recent,none,-0.02828738026314504,781.5385000000001,827.0409999999998,0.44979978910354446,0.4521393486526192
23,recent,none,0.03609520082910257,738.4236249999999,686.9736249999994,0.4392856005197884,0.43339052756329377
24,recent,none,-0.0437260221941982,825.7990000000001,901.3189999999993,0.44709520574799194,0.45012437330128124
25,recent,none,0.03090565777307133,787.964749999999,740.7197500000003,0.43658288785913707,0.44162007706790823
26,recent,none,0.02345119091694393,829.3024999999992,791.2974999999999,0.4482210151013746,0.4395339751600987
27,recent,none,-0.026938907898019678,777.0084999999996,820.0309999999989,0.4363959315891442,0.44041471826432277
28,recent,none,0.0690721088504645,839.89325,731.3632500000001,0.4517705720090841,0.43971835188622016
29,recent,none,-0.017215951381588306,800.4837500000001,828.5287499999997,0.45281310708339617,0.45032297374234675
30,recent,none,-0.08913987113302757,667.3459999999995,797.9635000000006,0.4411555653890871,0.44502060775937213
31,recent,none,0.0650726268608586,798.4448749999996,700.8798749999995,0.444160319340045,0.4414080282798861
32,recent,none,0.057527161327976147,798.6304999999995,711.7429999999996,0.44303800088513395,0.4401659426559855
33,recent,none,0.055372269282211756,813.7249999999998,728.3374999999992,0.44675461471698225,0.44308188550200134
34,recent,none,0.006442198704650602,764.72875,754.9387500000004,0.43648666121787616,0.44827229112566885
35,recent,none,0.063080191900075,881.4033749999998,776.8033750000001,0.4390182777516097,0.43852738714212847
36,recent,none,0.011956660423906277,838.7367499999992,818.9167499999995,0.43915942976215155,0.44587389982053327
37,recent,none,0.06994725905325679,824.8629999999995,717.0130000000001,0.4370441064565148,0.4391754470742779
38,recent,none,-0.06526742936500282,746.1005000000004,850.293,0.4406318904882197,0.4476505874130258
39,recent,none,0.03431656301665961,857.2319999999993,800.3495000000001,0.4513659961264378,0.4451182294357703
40,recent,none,0.021268709968070044,839.0444999999991,804.0969999999995,0.4455544342343626,0.44616349275713774
41,recent,none,-0.042097205110981764,786.4539999999992,855.5789999999998,0.4512776363176858,0.44708480695869895
42,recent,none,0.044746522254413154,785.6637499999998,718.3637500000004,0.43960585014195885,0.4369877654441389
43,recent,none,0.022707147943193035,825.5084999999991,788.851,0.44207102945952276,0.43721009192007004
44,recent,none,-0.026577911813517843,802.0924999999995,845.8924999999997,0.44047599245810015,0.4398133518085744
45,recent,none,-0.01807787022154692,810.53425,840.3792499999998,0.441907711471137,0.44128399662791984
46,recent,none,-0.036562208756915814,786.1714999999992,845.8414999999997,0.44693091282666303,0.4449860156658268
47,recent,none,-0.08236938831269165,704.4652499999991,830.9352499999999,0.4371137296246103,0.44713669644989845
48,recent,none,0.06463971976683695,875.3175000000006,769.0275000000009,0.4499359012672877,0.44992694486658563
49,recent,none,-0.01522599830389283,802.4007499999997,827.2132499999997,0.44796122888758244,0.448475867104616
0,recent,low,0.0032335229746453774,769.0574999999997,764.0999999999998,0.44214196764004277,0.43612047061108294
1,recent,low,0.02479189535758237,782.7959999999996,744.9209999999999,0.44267080672174725,0.44313134441497176
2,recent,low,-0.01845596020063774,777.6024999999996,806.8449999999996,0.4469431757687497,0.4500295726181576
3,recent,low,-0.12649095959605744,684.1134999999985,882.2435,0.4351888577214011,0.4434118505412483
4,recent,low,0.057443351364060036,820.81,731.6325000000002,0.44855261018250336,0.44574611195007546
5,recent,low,0.05033370698873405,813.3070000000005,735.3569999999996,0.44225215584998273,0.444706637944955
6,recent,low,0.06769375820920123,887.2572499999992,774.7497499999994,0.4483676911965121,0.43908359338039504
7,recent,low,0.062402471569341776,844.5679999999999,745.3530000000004,0.44002256930234307,0.44011544831987415
8,recent,low,0.047641394101611924,849.4519999999995,772.1945,0.44381046250560635,0.4442502682409671
9,recent,low,0.04947907170905471,834.6622499999997,755.9597499999998,0.4483649529128628,0.44792130437468586
10,recent,low,0.0054739436241554775,870.6605,861.1804999999989,0.454522045926422,0.44753140874155584
11,recent,low,-0.02435077588391274,797.9735000000007,837.8059999999996,0.44392837577877675,0.4411381707579351
12,recent,low,-0.06124455292370145,761.5324999999993,860.8975000000003,0.4323569503971688,0.4379157886348097
13,recent,low,-0.024446032419423596,755.9774999999995,793.865,0.4428154089889095,0.4386426987396363
14,recent,low,0.010581017716009665,776.8452500000002,760.5777499999995,0.44609934323250744,0.449808544498183
15,recent,low,-0.002512741771585884,878.7960000000004,883.2234999999993,0.4482126305455055,0.4438392986896076
16,recent,low,-0.02519661459215729,755.1872499999996,794.2272499999997,0.44056808032189565,0.44382606672814784
17,recent,low,-0.03135235979838868,749.2164999999997,797.7165000000005,0.4389695004839346,0.44020271948644074
18,recent,low,-0.012089766331184467,839.7195000000003,860.272,0.4503840732166834,0.4509870578076048
19,recent,low,-0.028232419115891725,699.0757500000002,739.6957500000004,0.44236494206846305,0.4432911821722592
20,recent,low,-0.01164877016491106,763.6137500000003,781.6137500000004,0.4485600158507592,0.44314770618058635
21,recent,low,-0.03382237436000133,774.3590000000002,828.5740000000002,0.44320041749928135,0.4514481743705747
22,recent,low,-0.033946274664361516,731.0584999999999,782.4360000000004,0.4468822033742991,0.44529501545319744
23,recent,low,0.024553106299036103,829.7100000000002,789.9425000000006,0.43811194415041843,0.43676650676743184
24,recent,low,0.01251713477280388,846.1144999999997,825.1944999999996,0.4534735171357263,0.4516306785206209
25,recent,low,-0.028766642040665168,731.928499999999,775.285999999999,0.43839760434681135,0.4459979635873917
26,recent,low,0.013558423886377641,774.6474999999994,753.9224999999991,0.4361867583471092,0.43889195514534435
27,recent,low,0.004090635176493373,845.6124999999992,838.7225000000002,0.44675930984855367,0.4413554381518662
28,recent,low,-0.021354986301288136,743.6080000000001,776.0604999999991,0.4409648445730376,0.4414106286679472
29,recent,low,-0.12096683201764889,662.2170000000004,844.477,0.44523051850608636,0.4485420859898801
30,recent,low,-0.013539636925722316,767.7329999999993,788.808,0.44154591987180747,0.4505478770167582
31,recent,low,-0.0242580489556232,796.9770000000002,836.6045000000006,0.43270451509791535,0.4417012590888293
32,recent,low,-0.019093913108673914,843.8610000000003,876.7135000000004,0.4452528787864908,0.44003129795342494
33,recent,low,0.06491628765681459,833.2027499999994,731.6202499999998,0.44085969493760435,0.4385468247398375
34,recent,low,-0.031067199710413253,786.9584999999996,837.4235000000001,0.4449764422908486,0.4467473153350427
35,recent,low,-0.008071385916257936,765.3252499999995,777.7802499999997,0.44256816347923117,0.44293635843593926
36,recent,low,0.044572011517208236,851.9135000000006,779.211,0.4417052917362173,0.4452687177896373
37,recent,low,-0.022736077347624208,793.3579999999994,830.2729999999998,0.44514486743206055,0.44762420924167456
38,recent,low,-0.015806544724828907,748.4244999999997,772.4645,0.4386903041603554,0.4420970406367619
39,recent,low,0.04603071838275744,839.9588750000001,766.033875,0.4413566215392545,0.4393580922927259
40,recent,low,-0.002353522106753944,777.8475000000016,781.5174999999999,0.43704854607005056,0.43511956738230206
41,recent,low,0.005426397365898418,778.8889999999999,770.4814999999992,0.44262415296975927,0.4404492253120945
42,recent,low,-0.007631900282076638,771.5593749999997,783.426875,0.4487683648309689,0.44436734149269386
43,recent,low,-0.026047578575818936,778.6735000000002,820.323499999999,0.44196154606911137,0.4368588337151881
44,recent,low,0.09775681609609405,885.9206250000001,728.135624999999,0.44541075981099837,0.44463622113992773
45,recent,low,0.0387380855654607,850.4853750000004,787.0503749999996,0.44815548429702073,0.45384666420162456
46,recent,low,-0.02681353845185834,711.5101250000002,750.7176249999995,0.4393575885182291,0.4390730175236866
47,recent,low,-0.036470906302601504,727.483375,782.5558750000007,0.44916648307516976,0.4484957823759783
48,recent,low,0.007389210539172615,788.6832499999999,777.1132500000003,0.43878570170986214,0.43943513348096697
49,recent,low,-0.0655829199870528,746.2857500000002,851.0432499999993,0.4520265535175002,0.4541520870021776
0,recent,moderate,-0.03059626798312225,779.1819999999997,828.3669999999998,0.4558025198759694,0.45367609138232085
1,recent,moderate,0.0401979126784714,838.8325000000011,774.0000000000003,0.4527975120663758,0.44676959108182657
2,recent,moderate,0.045089930075159726,873.4012499999999,798.0362500000001,0.4336212173619472,0.44303088730438456
3,recent,moderate,-0.0037141479166053443,796.3397500000001,802.27725,0.44791948241757285,0.44817408702366823
4,recent,moderate,0.060827557562006564,819.8504999999999,725.8305,0.4442806959288293,0.4473445714029511
5,recent,moderate,0.000918632540303012,823.9907499999996,822.4782499999994,0.4431952506447959,0.4329238519680004
6,recent,moderate,0.046517414133241806,814.9374999999994,742.49,0.45464551930970953,0.45351902134088995
7,recent,moderate,0.02401984141936346,767.7535000000004,731.7359999999998,0.43925002277191505,0.44386213798524643
8,recent,moderate,-0.04235748966565096,780.3632499999989,849.3957500000005,0.4409858835254188,0.44183407033455335
9,recent,moderate,0.0025872625051026007,761.4549999999998,757.5249999999991,0.43680991310914186,0.43663529152385583
10,recent,moderate,-0.01961293338873898,815.7215000000007,848.3590000000002,0.44041305604135056,0.4446585122273322
11,recent,moderate,-0.01966101971020344,782.3357500000002,813.71575,0.4451717008494442,0.44466774371044826
12,recent,moderate,0.05978172087342754,817.4159999999998,725.196,0.44879560910221983,0.4450395043095457
13,recent,moderate,-0.028123901288135106,778.1359999999999,823.1709999999996,0.4473551281436294,0.451979515617838
14,recent,moderate,-0.06199115289699301,767.2721249999996,868.6871249999996,0.4432484130899588,0.44609796346957936
15,recent,moderate,-0.06002845395183985,773.7583749999988,872.585875,0.445656929163851,0.45118228150906153
16,recent,moderate,0.03278254241447658,794.3349999999997,743.9074999999992,0.4480644289017283,0.44974002479327496
17,recent,moderate,-0.07164888250885058,770.2259999999992,889.1160000000003,0.445706424366498,0.43453855617237297
18,recent,moderate,0.024753371443850366,827.8672499999997,787.8722499999986,0.44914651548862805,0.44814416609257174
19,recent,moderate,-0.05742885549217861,744.6919999999997,835.4370000000004,0.44212136980695615,0.4375403352068401
20,recent,moderate,0.009563439159488546,801.3695,786.1869999999994,0.4491532421019519,0.43871203829117233
21,recent,moderate,0.04082062657423206,781.7189999999993,720.4015000000005,0.4327136802733072,0.43314086774766514
22,recent,moderate,0.024368064127479612,866.8094999999992,825.5694999999994,0.4521689067311067,0.45375908644514246
23,recent,moderate,-0.06102233135775253,730.3649999999986,825.2949999999998,0.4476301680186151,0.4432937546238645
24,recent,moderate,-0.008166672659311838,793.0612499999996,806.1212499999996,0.44800187514502665,0.4384157141973378
25,recent,moderate,-0.010451961303610473,794.4484999999988,811.2309999999994,0.4386171509922009,0.43859470553378743
26,recent,moderate,0.00751046595049469,764.1378750000003,752.7453749999996,0.4435800313113051,0.44444426227960027
27,recent,moderate,-0.013303226548638612,752.6373749999996,772.9323749999995,0.4328249330868806,0.44032158490164014
28,recent,moderate,-0.06437068674105512,757.6925000000002,861.9499999999996,0.4417588223826025,0.44199077766691647
29,recent,moderate,-0.03509924693286361,793.3455,851.0629999999999,0.44379778443628803,0.4436269646589766
30,recent,moderate,-0.044528726933534456,678.6175000000006,741.8699999999997,0.4453558256435386,0.4571914126433316
31,recent,moderate,0.006794619931440551,816.2605,805.2429999999994,0.4555807877395737,0.45326972664732373
32,recent,moderate,-0.11159813981894377,698.2350000000002,873.6549999999997,0.44565846088486916,0.45627339631250213
33,recent,moderate,0.08549847883342758,847.5291249999999,714.0191249999991,0.438096441456976,0.434758491603711
34,recent,moderate,-0.03178224353812029,837.9914999999993,893.0064999999984,0.4360648219448507,0.4431165675048584
35,recent,moderate,-0.0135221703942601,760.7134999999995,781.5684999999997,0.44720717497039647,0.44999000725508603
36,recent,moderate,0.027142420513946535,819.1525000000007,775.8599999999996,0.45240353164854263,0.45008330135052954
37,recent,moderate,-0.039050099436983156,749.1945000000001,810.0844999999997,0.44149586239760674,0.44494200598954775
38,recent,moderate,-0.05708420528420814,697.7194999999999,782.1995,0.44067572640460173,0.4406065417312416
39,recent,moderate,0.0950690412259991,898.1540000000006,742.2065,0.43875020203180515,0.4328526923431722
40,recent,moderate,-0.013191346248850877,779.0242499999994,799.85175,0.44099989522991734,0.4446375798654478
41,recent,moderate,-0.07068827508546008,724.1649999999993,834.3325000000011,0.4428204353839657,0.4411868783509304
42,recent,moderate,-0.006542263205773805,803.4884999999998,814.0709999999997,0.4422894975334501,0.4428904507115519
43,recent,moderate,-0.02641432235089648,794.7559999999995,837.8810000000001,0.440766013665043,0.4401011529454786
44,recent,moderate,-0.017022595356518132,768.3753749999993,794.9878750000004,0.44288999879473157,0.4432161990815808
45,recent,moderate,-0.024317032485795444,831.3074999999989,872.7449999999998,0.4469899612205371,0.45281635597423464
46,recent,moderate,-0.0425695302327132,781.4210000000002,850.9084999999998,0.4417816457275386,0.44353885352454553
47,recent,moderate,0.06553779373734382,835.599,732.8090000000001,0.44965213339426596,0.4445331120100744
48,recent,moderate,-0.028773989431874133,746.8829999999991,791.1379999999996,0.4350949569688628,0.4380940411747491
49,recent,moderate,-0.037968541857842916,775.2669999999997,836.461999999999,0.4366522120878094,0.44086712073430084
0,recent,high,0.09070875533675662,907.112749999994,756.2327499999994,0.4176756531072883,0.4204310165401804
1,recent,high,0.006570755669035284,822.2446249999974,811.5096249999995,0.43565072130660737,0.4321792144499016
2,recent,high,0.0391061337981805,886.9877499999948,820.2252500000018,0.4271642620552789,0.4366361842264174
3,recent,high,0.017407556185633378,841.1886250000018,812.4036249999989,0.432122120341725,0.431631879869793
4,recent,high,0.10029288165383732,886.4129999999928,724.8179999999996,0.4336376518619544,0.4399001772112949
5,recent,high,0.10887666743198629,1010.6027499999858,812.1477500000005,0.41994337412809546,0.4221478837616188
6,recent,high,0.023024143806877305,835.1119999999981,797.5220000000008,0.4336105645570377,0.433914928727803
7,recent,high,0.06367297680197409,931.1714999999938,819.6890000000013,0.43288888789635316,0.43863602456709067
8,recent,high,0.05608691183056542,902.8496249999966,806.9521250000004,0.4193588228248721,0.4309692377824444
9,recent,high,0.0499292405954024,889.4463749999989,804.851375,0.4297481898938945,0.43286505595907804
10,recent,high,0.0006832478102446158,836.6515000000015,835.508999999999,0.4312914075119101,0.4411068565535076
11,recent,high,-0.004019190719459961,815.2827499999939,821.8627499999996,0.4389967482237357,0.44743389933543326
12,recent,high,-0.09285171736506612,746.8813750000031,899.776374999999,0.4542462252757696,0.44705880748068494
13,recent,high,0.025206084643403157,858.1486249999986,815.9511249999986,0.43700830011720504,0.43536271709176916
14,recent,high,0.01989195274193701,864.3107500000008,830.5957499999989,0.43437602739343995,0.44666837829144496
15,recent,high,0.007735171449321425,815.7132499999922,803.19075,0.4307972926802474,0.4433770591286394
16,recent,high,0.12127946393822642,869.7281250000001,681.5856250000003,0.4315853505888778,0.4363179875005888
17,recent,high,0.03248037911659677,873.1716249999923,818.2341250000009,0.4294635917746151,0.4388798609254597
18,recent,high,-0.015204135698075582,796.2046249999937,820.7896250000016,0.4326208651152669,0.4409301628788075
19,recent,high,0.03128364400904309,823.3155000000025,773.3654999999995,0.4334611190493424,0.4453034100995999
20,recent,high,0.0436389023272359,886.0929999999913,811.9905000000008,0.43050910412699656,0.4406073672716844
21,recent,high,0.020754682699248874,828.6534999999876,794.9560000000017,0.43094626117319706,0.44534560224563596
22,recent,high,-0.020328157712809537,773.3747499999973,805.4697499999992,0.4328154953508552,0.4374404256244706
23,recent,high,0.023786141669959477,838.8208749999969,799.8433749999991,0.4339083475441118,0.4368703355649921
24,recent,high,0.1117343150489212,929.8090000000017,742.9090000000001,0.4312073296719595,0.43055940964295036
25,recent,high,0.016970811292349928,911.5296249999842,881.107125000003,0.4172016165987517,0.42901595997306224
26,recent,high,0.0505684958941297,841.9392500000033,760.8867499999989,0.413904020155538,0.42505105319360154
27,recent,high,0.02820069101619999,867.4775000000049,819.8924999999994,0.44268558987964923,0.4402534047946967
28,recent,high,0.04845267731664252,845.2615,767.1365000000002,0.43951022860956324,0.4400672184418798
29,recent,high,0.05923722114478382,946.858374999992,840.9533749999995,0.4251983893483715,0.43259149853414164
30,recent,high,0.10293861957516692,937.2532500000011,762.3032499999989,0.4309051233898081,0.43738780269120814
31,recent,high,0.016548372416760226,875.3618749999898,846.8618750000006,0.4085927766360507,0.4281499898774869
32,recent,high,0.03668486185738745,910.8999999999975,846.4325000000002,0.4323349664259704,0.443856244276414
33,recent,high,0.02979615130645089,804.3297500000003,757.7847499999995,0.44220721481267783,0.43695434762730506
34,recent,high,0.05956617469476952,910.9038749999835,808.486375000001,0.4301345315135198,0.4344893097636565
35,recent,high,0.039499724977415655,805.7823749999936,744.5448750000007,0.4303994169936048,0.4406077035102739
36,recent,high,0.028818714917369523,820.1999999999996,774.2499999999998,0.44712214522160476,0.4435342077991882
37,recent,high,-0.011049905619795687,818.6876249999962,836.9826249999996,0.4451074034746765,0.4469285939694911
38,recent,high,0.046924487495848294,805.1422499999945,732.9672499999994,0.4278709626677132,0.4328929859983373
39,recent,high,0.060248695755493895,876.6598749999896,777.0273750000008,0.4295651148073165,0.4401519100862567
40,recent,high,0.04152608277094584,844.4229999999991,777.088,0.4354170311488976,0.43677461838109927
41,recent,high,0.03814163791574769,887.9213749999938,822.6763750000013,0.4289534355496339,0.43790284222643516
42,recent,high,0.020853054008588636,792.3914999999994,760.0189999999993,0.43369007657108427,0.4383708579636721
43,recent,high,0.07959605554325168,909.8183749999978,775.6608749999998,0.420157148307575,0.43187956838200225
44,recent,high,-0.014646137897087876,764.1869999999997,786.9045000000006,0.44693280284647624,0.44478148849757315
45,recent,high,0.09187054199437704,864.847999999999,719.3104999999998,0.42385471127790564,0.42655928412418753
46,recent,high,-0.010287501905789543,826.0429999999955,843.2155000000008,0.4335975863407073,0.43845617669080283
47,recent,high,-0.06811927483239706,703.1246250000014,805.919625,0.43686531453670824,0.44243403349096333
48,recent,high,0.16324847536589723,1028.9589999999846,740.1539999999987,0.4132699157292629,0.4272286206891332
49,recent,high,0.12454868277177472,1030.2414999999946,802.0340000000003,0.41275378709304,0.42613419506174594
0,intermediate,none,-0.0014075784881651893,816.7427500000006,819.0452499999993,0.44027361971713147,0.4490793167300152
1,intermediate,none,0.03837516790396555,900.9809999999999,834.385999999999,0.4403720202018363,0.44420786859112815
2,intermediate,none,0.011528357074123047,810.1935000000003,791.7259999999997,0.4379757604614736,0.44062894692196214
3,intermediate,none,0.0027220559467159154,769.8920000000003,765.7119999999995,0.43916978406654567,0.44623192761867314
4,intermediate,none,-0.013314722624700548,835.9024999999996,858.4625000000003,0.45126065959232364,0.44934244722307526
5,intermediate,none,-0.07189125857959244,723.631999999999,835.7369999999994,0.44445923740407617,0.45103361117154295
6,intermediate,none,0.04886728304808776,835.7384999999992,757.8635000000005,0.4527134145878952,0.44469840296543045
7,intermediate,none,-0.008039300007312945,817.1432500000004,830.3882499999987,0.4368854417548361,0.44617879456355153
8,intermediate,none,0.026313722905317187,813.5535000000004,771.836000000001,0.44285886712501665,0.44637068152439513
9,intermediate,none,0.004742078134347517,798.5152499999984,790.97775,0.4483125652557126,0.44816087377699515
10,intermediate,none,0.063759387373799,841.3515000000002,740.4939999999995,0.4444270542654612,0.4508838891769392
11,intermediate,none,0.0019555386980588366,805.6987499999997,802.5537499999998,0.4494062152786501,0.44176296250874847
12,intermediate,none,-0.0017858534327978885,784.6350000000003,787.4424999999997,0.44688937086618097,0.44391022681107795
13,intermediate,none,0.04467872303891712,833.5104999999993,762.2155000000002,0.4399006601892087,0.4436890815046063
14,intermediate,none,-0.03818262979327344,782.1469999999994,844.2470000000005,0.4535224825271686,0.4525595408819652
15,intermediate,none,0.04007487222686657,827.2287499999994,763.4812500000005,0.43626764717852745,0.44103422840703826
16,intermediate,none,0.0022515060706141034,770.6610000000006,767.1984999999991,0.4456900648659068,0.4428145504959432
17,intermediate,none,0.048457716025365326,825.2449999999998,748.9624999999995,0.4451826077451309,0.44218008202095777
18,intermediate,none,0.011600324436965516,801.9542499999998,783.56175,0.44283973875821336,0.4352830155595294
19,intermediate,none,0.04087838324607019,848.8344999999994,782.1620000000003,0.4486869392153677,0.4400828344767745
20,intermediate,none,0.017742189072941755,807.5252499999998,779.3702499999994,0.43823237088885914,0.4361689588739667
21,intermediate,none,-0.004688951149535987,769.4690000000006,776.7189999999994,0.4403860079268334,0.4401356629856713
22,intermediate,none,-0.013214181833779913,787.9279999999998,809.0305000000002,0.4441121971624992,0.4383336377980615
23,intermediate,none,0.009367264217353176,834.1564999999999,818.674,0.4480749684292313,0.4406195573960225
24,intermediate,none,-0.047188119249072846,744.4455000000002,818.183,0.4453022027182086,0.44856223488861524
25,intermediate,none,0.004270590290823641,811.8887499999996,804.9837499999999,0.4447309327501687,0.44345868895610324
26,intermediate,none,-0.007119278773343379,786.4007500000007,797.6782499999997,0.4489744377855683,0.45242439282018604
27,intermediate,none,0.040776338676292205,831.4132499999994,766.2657499999996,0.44752312599612926,0.4463713471620705
28,intermediate,none,-0.03851093467813641,796.1864999999998,859.9664999999994,0.44743184978610295,0.44604234617547905
29,intermediate,none,0.017667658840611968,774.656,747.7584999999991,0.44735390507917866,0.451046875644733
30,intermediate,none,-0.08115293025430069,768.5230000000006,904.2754999999994,0.4442419940811751,0.4459723795822741
31,intermediate,none,0.019359441072738848,758.947125,730.1196250000003,0.43289555023567755,0.4388538041914183
32,intermediate,none,-0.004721011357637566,822.9847499999996,830.7922499999994,0.44555381051822285,0.442638312662802
33,intermediate,none,-0.005356448279577656,795.9175000000004,804.4899999999985,0.44575182395117074,0.44561462850690825
34,intermediate,none,-0.008370130361338091,783.2509999999996,796.4734999999993,0.4452195275460401,0.4419580979575272
35,intermediate,none,0.02279810770534932,815.8949999999995,779.5225000000004,0.445998829631944,0.4449795289732913
36,intermediate,none,-0.018466744623344564,797.2044999999998,827.2020000000008,0.4424313412882555,0.4409493768068721
37,intermediate,none,0.009614198445642626,787.7274999999993,772.7250000000001,0.44151782443985416,0.4418497351844296
38,intermediate,none,0.012663648116539035,770.37425,751.10675,0.44414892086690283,0.438940951708257
39,intermediate,none,-0.005117945177293302,866.740500000001,875.6579999999991,0.4513812404210168,0.4511253872531602
40,intermediate,none,0.0328041670597205,905.9894999999997,848.436999999999,0.4417186355450498,0.43779708229036535
41,intermediate,none,0.0036925327684402876,787.5892499999992,781.7942499999997,0.4410527965799429,0.44424801206124753
42,intermediate,none,0.024114674099716637,808.7599999999996,770.672499999999,0.4415028110663784,0.43821525108608933
43,intermediate,none,0.007363476986110121,749.3516250000005,738.3966249999999,0.4496894248142295,0.44910966263564767
44,intermediate,none,-0.06757293107309323,722.4029999999997,827.1079999999994,0.436431926312004,0.44253259910701864
45,intermediate,none,-0.03855731655063095,783.6577499999987,846.512749999999,0.43967984850414243,0.43636987389020454
46,intermediate,none,-0.06432371807336794,745.8284999999993,848.3734999999984,0.4409158503150895,0.4478314997303088
47,intermediate,none,-0.027323941910899353,743.2404999999995,784.9979999999995,0.4544705490811253,0.444776441750364
48,intermediate,none,-0.014108146779391964,775.5047499999997,797.6997499999997,0.4390031577561007,0.4475044843596736
49,intermediate,none,0.08898506988564063,891.3124999999989,745.6475000000006,0.4443811170876039,0.44496955647768094
0,intermediate,low,0.013963526099785522,823.27425,800.59925,0.43766902236073774,0.4497303631735728
1,intermediate,low,-0.0381854144802522,828.7170000000002,894.5194999999993,0.44174336426858524,0.4403952488187122
2,intermediate,low,-0.0009768062776082565,851.4347499999997,853.0997499999995,0.4499903517271806,0.44252972300016014
3,intermediate,low,-0.06420394049517344,748.8277499999998,851.5802499999993,0.4347951912102356,0.43456575285593907
4,intermediate,low,-0.008582282230591617,773.9781250000007,787.3781249999988,0.4378450510174873,0.4447254981559563
5,intermediate,low,0.07960405624545108,930.6363749999996,793.3963749999999,0.44334267295292273,0.4486653567444178
6,intermediate,low,-0.043021563848447825,761.9179999999992,830.4230000000005,0.4511124004958942,0.44102695907465234
7,intermediate,low,0.0002610532383731996,819.0122499999999,818.5847499999996,0.4396760958598752,0.43705851806327883
8,intermediate,low,0.006192858874248455,751.8591249999996,742.6041249999989,0.43503789602516596,0.43621957075446366
9,intermediate,low,0.08072654663991166,874.9232499999995,744.2157499999996,0.44105409486133407,0.43634513114774276
10,intermediate,low,0.019877785223682123,794.815999999999,763.8334999999995,0.4477992104352815,0.45124771187629664
11,intermediate,low,-0.03807022927481021,780.5367499999991,842.3192500000005,0.43460107473890114,0.44340735845520607
12,intermediate,low,-0.05318320166730656,767.1949999999998,853.3824999999993,0.4404484838441953,0.44396188122773506
13,intermediate,low,0.04754389829295434,845.3309999999987,768.5985000000001,0.44950633951377605,0.44546680907973485
14,intermediate,low,-0.020264533778510233,856.8350000000002,892.2799999999991,0.44522860953598237,0.447443207798814
15,intermediate,low,0.05198328234241351,823.7705000000005,742.358,0.4489558118674876,0.44553355358232155
16,intermediate,low,-0.07212152416643924,742.0329999999997,857.3854999999996,0.440772610132039,0.43620706978728324
17,intermediate,low,0.06358121187760161,840.7660000000002,740.2434999999992,0.4451423715724729,0.4544421632501344
18,intermediate,low,0.00046860251927050993,787.2829999999992,786.5454999999995,0.4419333772173202,0.4347807679399563
19,intermediate,low,0.027655802949544096,797.2879999999998,754.3754999999999,0.4415369827566961,0.43463157767143734
20,intermediate,low,-0.02597120347731581,761.8974999999997,802.5274999999995,0.43885341637684233,0.4370595911933993
21,intermediate,low,0.014718621415089962,819.9687499999986,796.181250000001,0.4441074987234552,0.4433502012408712
22,intermediate,low,-0.0048749717752362386,789.9807499999996,797.7207499999998,0.44779009238926,0.4484296819264038
23,intermediate,low,0.003475809753791118,776.2494999999994,770.8719999999995,0.43633603413611877,0.4360325658268339
24,intermediate,low,0.0017014805969447788,851.4412500000001,848.5487499999999,0.44699128078565614,0.4457510291877431
25,intermediate,low,0.05661644816709229,832.0769999999992,742.9069999999996,0.44516286731044796,0.4445203450697153
26,intermediate,low,-0.057622957686685565,750.8415000000002,842.664000000001,0.4454400059479274,0.44537275911374896
27,intermediate,low,0.040515276844478115,852.8044999999997,786.3920000000002,0.44504249872192053,0.4361857149804817
28,intermediate,low,-0.018508360590248903,790.2078750000002,820.0103749999997,0.438996855051688,0.44121612034790064
29,intermediate,low,0.03956210494049021,786.7904999999995,726.9054999999993,0.4422675366503366,0.44323462893354776
30,intermediate,low,0.009699442507937726,796.2249999999996,780.9274999999993,0.44436320457401407,0.44491748804014697
31,intermediate,low,0.029273284521628203,805.4029999999993,759.5905000000006,0.4432830742385766,0.4459202542646945
32,intermediate,low,0.021770591529153425,777.3365000000002,744.2114999999999,0.44297729291277804,0.44009696677383714
33,intermediate,low,0.017011349382149724,889.2164999999987,859.4689999999996,0.4396036023987093,0.4436666105223543
34,intermediate,low,0.032916468546761946,881.4229999999986,825.2454999999993,0.44539352508470875,0.44503506790427116
35,intermediate,low,-0.006910096461439874,807.1437499999993,818.376249999999,0.445320955307919,0.44266310784319074
36,intermediate,low,0.0027662921315484597,858.2062499999987,853.4712500000002,0.4513248059201476,0.4466660284603836
37,intermediate,low,0.040251050696609204,815.2512499999999,752.1612500000009,0.44232066511166906,0.44817339663740696
38,intermediate,low,0.0482331221728942,800.3044999999997,726.6544999999994,0.4381522009261491,0.44061617170528306
39,intermediate,low,-0.0071829603056613,782.6614999999996,793.9864999999999,0.43443085731961434,0.4388897823401349
40,intermediate,low,0.015795384026615615,828.4688750000005,802.7038749999998,0.4386766979523423,0.4425411750610132
41,intermediate,low,0.04874096195664251,823.4949999999992,746.9499999999998,0.4415976423856296,0.4483830111063842
42,intermediate,low,0.048063892653234325,825.5887499999999,749.8662499999987,0.44098159373334145,0.44197937190723163
43,intermediate,low,-0.03466711039258016,786.0865000000007,842.5464999999997,0.44024150353019803,0.4453895205378481
44,intermediate,low,-0.03855195683155321,769.5869999999994,831.3044999999998,0.4410914410801069,0.4422308447313545
45,intermediate,low,-0.01790789473904677,732.611125,759.3286249999998,0.44114964798483525,0.4448479039250111
46,intermediate,low,-0.02982795768601516,778.5407499999991,826.4132499999998,0.44060950474099514,0.446874185115159
47,intermediate,low,-0.040511536525544296,755.5596249999999,819.362124999999,0.4512492430206046,0.4417097423843391
48,intermediate,low,-0.01196191745944469,742.5617499999981,760.5417500000005,0.44093032244178243,0.4427655878833466
49,intermediate,low,0.0010521064744867137,763.5579999999999,761.9529999999992,0.44927406215419596,0.44469014899300957
0,intermediate,moderate,0.10322800445571753,876.7455000000006,712.6730000000006,0.44523042919835165,0.44192198395771604
1,intermediate,moderate,-0.0030347960910665356,772.4124999999998,777.1149999999999,0.4482116096624644,0.4494204822646479
2,intermediate,moderate,0.07840638502856495,836.7112500000005,715.0437499999997,0.4402120578716066,0.4333907166864104
3,intermediate,moderate,0.06494392783785484,797.7987499999988,700.4937499999997,0.4444286425168407,0.44481749501171786
4,intermediate,moderate,0.006359612583289731,762.5300000000005,752.8925000000002,0.4457184224306355,0.4497357075081215
5,intermediate,moderate,0.011926802362127722,868.9164999999999,848.4339999999987,0.44240889683287726,0.4439161118367389
6,intermediate,moderate,0.05390893911491159,821.8002500000002,737.7277500000004,0.4363747805108552,0.43804765740682
7,intermediate,moderate,-0.008312146052307406,784.4361249999997,797.5861249999997,0.44252917022063265,0.44805668949580013
8,intermediate,moderate,0.03496364085135448,817.6574999999997,762.4125,0.4459977264481765,0.43582303871051314
9,intermediate,moderate,0.0499849720967966,830.1313750000003,751.093875,0.4411846000265254,0.4423143874523492
10,intermediate,moderate,-0.01421404307241716,796.6921250000005,819.6671250000004,0.44064137920558966,0.4411571540557368
11,intermediate,moderate,0.05813725026780583,929.0079999999992,826.9230000000007,0.4445017485600894,0.4345339716413826
12,intermediate,moderate,-0.02440298232849719,755.5954999999997,793.3955000000009,0.4437677952746834,0.45166611550456437
13,intermediate,moderate,-0.042363582737744244,748.401,814.6160000000008,0.44050839661276997,0.44400949123221006
14,intermediate,moderate,0.06563783805983413,856.2602499999991,750.7777499999995,0.43903693184668224,0.4382915760331388
15,intermediate,moderate,-0.004244430128663398,791.7847499999995,798.5347500000004,0.4435322982539971,0.44094680727258584
16,intermediate,moderate,0.03283333637403958,820.8664999999991,768.6764999999991,0.43202596114802905,0.43296299241814545
17,intermediate,moderate,-0.03454920329064222,760.3274999999993,814.7449999999993,0.4470556405812227,0.4398085295000919
18,intermediate,moderate,-0.005366041255840432,759.7324999999996,767.93,0.44567504967412486,0.44930867289476073
19,intermediate,moderate,-0.06801823475204584,714.264999999999,818.5225000000004,0.44511390255938243,0.4470110997954537
20,intermediate,moderate,-0.020314386184467584,895.5604999999997,932.7005000000006,0.45196598597439913,0.44886096951110227
21,intermediate,moderate,-0.011050734536185613,805.425499999999,823.4254999999995,0.4400673822122717,0.4425991996687928
22,intermediate,moderate,0.011525393189013937,785.9349999999994,768.0249999999993,0.44400618486928733,0.44086282442752944
23,intermediate,moderate,-0.00402093434789215,781.4884999999996,787.7985000000002,0.4397477744042831,0.4490346799661495
24,intermediate,moderate,0.006308941490712305,767.618749999999,757.9937499999996,0.4370611635452796,0.4426290493886361
25,intermediate,moderate,-0.03421097456502016,771.1130000000007,825.7430000000006,0.4471302749129536,0.44162464884154273
26,intermediate,moderate,0.0045637575558131905,808.9325,801.5824999999995,0.45288657885734285,0.4534780441131397
27,intermediate,moderate,-0.0014576763215806842,806.6149999999989,808.9699999999998,0.4501402100464981,0.4463645893996052
28,intermediate,moderate,0.010181367861677514,805.5312499999999,789.29375,0.4416645122337268,0.4423263736611916
29,intermediate,moderate,-0.0025455776311012384,719.023,722.6930000000008,0.43418901425341194,0.4379521506982082
30,intermediate,moderate,0.03153202346124927,847.7369999999995,795.9094999999993,0.44087111607358326,0.4386145601865816
31,intermediate,moderate,0.035849125573768695,843.0384999999999,784.686,0.43760139172327106,0.4379545017227334
32,intermediate,moderate,-0.0024799822601829433,722.0004999999996,725.5905000000001,0.4436516683949317,0.44032248952023084
33,intermediate,moderate,0.012680593412986402,822.465,801.8675000000003,0.43654601186372466,0.4480419785651464
34,intermediate,moderate,-0.054692059624503415,768.9519999999992,857.9295000000008,0.4487065619598403,0.4358503378980441
35,intermediate,moderate,-0.0662795569744633,755.4479999999999,862.6979999999998,0.4467234311175656,0.4519861372691136
36,intermediate,moderate,-0.0308790824863696,763.8566249999996,812.5341249999996,0.45141724586863247,0.44277277743068055
37,intermediate,moderate,-0.06197934245811649,768.0901249999997,869.5926249999997,0.43497343998334137,0.44095415751648875
38,intermediate,moderate,0.028438637598072122,794.7817499999992,750.8267499999994,0.4454186462621219,0.4419539367933395
39,intermediate,moderate,0.07181615168584754,829.1274999999993,718.0174999999988,0.449365999159513,0.43924676759500936
40,intermediate,moderate,0.026845982741330595,783.684875,742.7073749999993,0.438522967701172,0.44343527881590217
41,intermediate,moderate,-0.04136325730210197,765.302,831.3445000000006,0.43792453681791765,0.44357515569762523
42,intermediate,moderate,0.06031164816281989,820.0664999999998,726.7739999999994,0.4486451523249903,0.44257734514188657
43,intermediate,moderate,-0.025313568985176803,742.6075000000001,781.1800000000002,0.45238518576804565,0.44985038724117654
44,intermediate,moderate,-0.014187798587810054,781.598000000001,804.0955000000006,0.4420914895968966,0.4481155549206374
45,intermediate,moderate,-0.01661008850086152,740.8687499999994,765.89625,0.45025888941906617,0.4499725359449423
46,intermediate,moderate,-0.042316393211536074,735.4390000000002,800.4314999999987,0.43851355875449416,0.43295428917604495
47,intermediate,moderate,0.012641384715944034,824.5834999999989,803.9959999999992,0.4532158110303861,0.44708571192173224
48,intermediate,moderate,0.012407940484873104,847.8590000000002,827.076499999999,0.44032590738218036,0.4394658947443225
49,intermediate,moderate,0.014513323827348133,812.7004999999995,789.4479999999994,0.4452454460087359,0.4441234287853353
0,intermediate,high,0.1332907423755003,956.5833749999996,731.5683749999997,0.43462414042571573,0.42814730037635323
1,intermediate,high,0.0056946336631703036,782.5761249999975,773.7136250000007,0.4347412802681563,0.4391146792542793
2,intermediate,high,-0.00201213122348643,828.2957500000015,831.6357500000001,0.4459272382207171,0.44400691826800226
3,intermediate,high,0.07998836168083262,968.7892499999987,825.2842500000014,0.447694898235302,0.44301407638863194
4,intermediate,high,0.039486978218483355,824.3612499999992,761.7312499999995,0.44239016178667356,0.43933619428733445
5,intermediate,high,0.023482098957982644,933.8766249999967,891.024125,0.44320139990420143,0.4501113052632301
6,intermediate,high,-0.015585757289681208,746.0909999999991,769.7159999999989,0.4305110557225402,0.4307802332049014
7,intermediate,high,0.07541520261274691,895.1133749999996,769.5708750000009,0.4316845731467747,0.43255555132329054
8,intermediate,high,0.06883148480776437,907.1594999999992,790.3195000000002,0.4321577688526893,0.4327543036217137
9,intermediate,high,0.06252716291248785,784.7814999999999,692.4164999999988,0.4444456294333398,0.4456969817476565
10,intermediate,high,0.03817452740561166,895.3771249999993,829.5296249999998,0.42940581465371264,0.4303858111412509
11,intermediate,high,-0.05578650977095975,702.1112500000006,785.0762499999998,0.4350109387630593,0.44202723627925306
12,intermediate,high,0.06001070478649351,904.0719999999992,801.7069999999992,0.4306916405889773,0.43135796701437795
13,intermediate,high,0.0813161060284385,902.5139999999998,766.7739999999998,0.44106618171340906,0.4450830118278563
14,intermediate,high,0.0023765095980817067,888.9122499999991,884.6972500000002,0.43854636163039656,0.43330843833416954
15,intermediate,high,0.04177049362405946,834.7844999999982,767.8419999999995,0.4276911108130743,0.4327943721678957
16,intermediate,high,0.06730878562083219,926.9349999999964,810.0225,0.42683719559840855,0.436219321067543
17,intermediate,high,0.04736498209833239,890.8355000000004,810.2630000000003,0.4427322997611072,0.44278064647143106
18,intermediate,high,0.004588625127208475,786.506749999999,779.3217499999998,0.4428418120900283,0.4365154416217553
19,intermediate,high,0.07311478457194572,891.9104999999998,770.3729999999999,0.44289839244153684,0.4444790423091806
20,intermediate,high,0.11276668037586142,894.8922499999985,713.5172499999996,0.42567511666850855,0.43180821106670103
21,intermediate,high,0.060908174122438374,897.8842500000011,794.7867499999992,0.43232474691543626,0.438468530057323
22,intermediate,high,-0.0027972023548985306,788.3107500000013,792.7332499999995,0.4388639858591793,0.43754639420011615
23,intermediate,high,0.0661060573496675,892.2578750000004,781.6053749999995,0.42546519620769013,0.42988524055236604
24,intermediate,high,-0.05644138075368529,775.4619999999995,868.2344999999993,0.4451604843388613,0.4522473409091306
25,intermediate,high,0.005037000578947856,796.3775000000004,788.3949999999998,0.44251213618031904,0.43712820296244537
26,intermediate,high,0.07390059753851339,953.7329999999972,822.4704999999987,0.42596547119075134,0.43068884546334496
27,intermediate,high,-2.2567067066971073e-05,830.8379999999983,830.8754999999989,0.4427935081175883,0.44542992775182044
28,intermediate,high,0.10886539961298225,935.3996249999998,751.7296249999989,0.43250505377823323,0.4333238542125292
29,intermediate,high,0.01514536075763817,851.9108749999999,826.4908749999987,0.43924919144117036,0.43945347316905126
30,intermediate,high,0.038797380198075083,878.9207500000005,813.26825,0.4398141934359182,0.44140324858847096
31,intermediate,high,0.04919653824225697,840.0827499999995,761.3002499999993,0.4351233275494043,0.4382210795846614
32,intermediate,high,0.10287448606871252,945.3276250000005,768.9701250000002,0.42994722317317335,0.4318656277604223
33,intermediate,high,0.06001122625499329,807.3125,715.9025000000004,0.44280144652537295,0.4422265445748863
34,intermediate,high,0.03999403752463416,920.954499999997,850.1219999999994,0.43734413416344614,0.4326497012326803
35,intermediate,high,0.0843180637001176,939.3802499999962,793.2852500000004,0.4346431814124188,0.4398681949256065
36,intermediate,high,0.0467710729965425,928.0172499999981,845.0872500000002,0.44342435717351425,0.4280694815457217
37,intermediate,high,0.10212999776793925,935.6989999999989,762.2840000000002,0.43531170675631387,0.4319630202187514
38,intermediate,high,0.10011861040479217,928.8972500000009,759.8247499999994,0.4437863205439225,0.43743655840298196
39,intermediate,high,-0.049784817737042776,769.6847500000009,850.3372500000005,0.432715159026403,0.4420192125086645
40,intermediate,high,0.1169195981574587,904.6702499999975,715.2677500000004,0.44501881996641574,0.44141869394440886
41,intermediate,high,0.094165433420448,868.7399999999997,719.2099999999994,0.43205145792122446,0.4359591684283901
42,intermediate,high,-0.0052212699996146755,740.4249999999996,748.197500000001,0.44784440876639126,0.442246911587963
43,intermediate,high,0.018854400549900282,788.5497499999982,759.3647499999996,0.43618951190289534,0.44327689759639144
44,intermediate,high,0.004048728252229058,909.5074999999981,902.1724999999998,0.4457888232071813,0.45640778666337095
45,intermediate,high,0.06881069532094289,918.5800000000003,800.3024999999997,0.4378419689510121,0.4357847103980755
46,intermediate,high,-0.025072520068936018,792.413499999999,833.1710000000003,0.44135164576269065,0.439068700677711
47,intermediate,high,0.061502042853412556,885.8501249999986,783.2001249999997,0.4420583085737288,0.4402672464048435
48,intermediate,high,0.06438865726157482,902.2034999999992,793.0485,0.4344832928053809,0.43596533214993005
49,intermediate,high,0.042651896416317746,810.341625,744.0441249999997,0.43169957046257806,0.4402224505995885
0,ancient,none,0.06455813977937849,810.0669999999989,711.8169999999993,0.44128675644000237,0.4362798806570138
1,ancient,none,-0.06459740320036989,775.6659999999998,882.7984999999996,0.4478773276336021,0.44469929841629674
2,ancient,none,-0.06716007673338047,698.2922500000001,798.8397499999994,0.4403281515783387,0.4404541701437346
3,ancient,none,0.030569810624950237,813.2179999999997,764.9729999999989,0.44098905015049983,0.4367264436080216
4,ancient,none,0.02545676746771294,787.0654999999987,747.9879999999998,0.4458891406187064,0.4460957418331426
5,ancient,none,0.059639270165586566,860.390000000001,763.54,0.44970999358681946,0.45417248256214143
6,ancient,none,0.050545669597874446,829.1292499999998,749.3442499999994,0.44098529818306687,0.4444233548592991
7,ancient,none,-0.045001728251378215,763.9427499999999,835.9402499999997,0.44538579423461666,0.4506237811986295
8,ancient,none,-0.004675018795045099,812.2245000000001,819.8544999999986,0.4483045585380271,0.45004702415403874
9,ancient,none,-0.0020871238844951926,806.2437499999994,809.6162499999998,0.44300274133056217,0.44882030184374344
10,ancient,none,-0.04061597653531279,757.7864999999994,821.949,0.43600074684870144,0.4382916774924794
11,ancient,none,0.05043334254979489,907.0400000000002,819.9424999999991,0.4463782109010578,0.44674399905098217
12,ancient,none,-0.045758330735056245,735.2839999999998,805.8014999999992,0.44562869320082665,0.4454964684053073
13,ancient,none,-0.021534022516461776,829.1325000000005,865.6274999999993,0.43982708031435075,0.4397227042724561
14,ancient,none,0.016040968697861823,756.3632499999991,732.4807499999997,0.4361630973178202,0.4473788594429609
15,ancient,none,-0.026881225547733728,766.4590000000003,808.804,0.4458704377235864,0.43519278649335325
16,ancient,none,-0.01396098775869748,753.425999999999,774.7609999999996,0.43385491215688543,0.44782903828692455
17,ancient,none,0.029922858528315555,834.7102499999997,786.2077499999996,0.4433157770504393,0.44857173846055465
18,ancient,none,-0.021132499966047717,801.8653750000001,836.4878749999992,0.44566160045346903,0.4444585214318754
19,ancient,none,0.006795977419487594,788.8767500000001,778.2267500000002,0.4467597589562395,0.4329372789588932
20,ancient,none,-0.04576877869059011,762.1074999999995,835.2149999999996,0.4418305660249712,0.4421373940880383
21,ancient,none,-0.03857807687678802,770.8829999999999,832.7480000000004,0.4368010518720839,0.4351898022503862
22,ancient,none,0.03634723487865601,790.1145000000005,734.6919999999991,0.44132027840273524,0.43877540702010737
23,ancient,none,-0.019750321046952863,764.0860000000004,794.8760000000001,0.4451936410027671,0.4480534642345531
24,ancient,none,0.041659155314387936,834.9569999999995,768.1720000000001,0.4522027231921841,0.4485238169424993
25,ancient,none,-0.024889954239679175,828.4434999999993,870.7360000000002,0.44916305306962434,0.44223675165470755
26,ancient,none,0.008602452413220484,811.9279999999994,798.078,0.43823060667856323,0.4473532724959665
27,ancient,none,-0.029330745370671752,752.1420000000003,797.5969999999998,0.4493848074674837,0.44918219247902313
28,ancient,none,0.0526017208899013,870.6692500000003,783.64925,0.4508894124193729,0.44564675237169016
29,ancient,none,0.07173641875356283,806.9984999999994,698.9659999999996,0.43808212872762275,0.4322581716362591
30,ancient,none,-0.012635799214300043,779.4487500000004,799.39875,0.4404719701723625,0.4398647618655998
31,ancient,none,0.04020563039117816,843.6257500000002,778.4107499999999,0.44550226754819966,0.43452974205167666
32,ancient,none,0.018152562292456525,806.7649999999995,777.9975000000004,0.4441765873550361,0.44948342120010043
33,ancient,none,-0.07026029492740617,671.3821250000002,772.8546249999987,0.4394925362085839,0.4449969470428461
34,ancient,none,0.0679611517675378,780.7055000000005,681.3429999999995,0.4454067276959596,0.4453578427827172
35,ancient,none,0.005524664442199446,872.2660000000005,862.6809999999999,0.44579263427179944,0.4488851724847702
36,ancient,none,0.0728200562298122,865.1464999999995,747.699,0.44251608068746956,0.4375904391132344
37,ancient,none,0.014101571513218537,788.3581250000003,766.4331249999989,0.4437911673192265,0.4463329455781164
38,ancient,none,-0.025934744355744437,783.8420000000008,825.5820000000004,0.43888428000359775,0.4486268944343602
39,ancient,none,-0.014388001172923664,788.205249999999,811.21775,0.447111115343641,0.44271383698209704
40,ancient,none,0.028106506935124537,783.7039999999993,740.8539999999997,0.4447898820260814,0.4446824998960713
41,ancient,none,0.07706331182123717,858.28725,735.46725,0.4430786843766165,0.44010536307461645
42,ancient,none,-0.03409027534683373,766.3960000000001,820.4934999999994,0.44766243368148023,0.45629056142046226
43,ancient,none,0.02554932495384907,841.7854999999989,799.8429999999992,0.44453863026837986,0.44255096990335907
44,ancient,none,-0.02224950457647976,802.3774999999999,838.8950000000003,0.43991214613760743,0.4464818409552646
45,ancient,none,0.02550822322466164,772.6019999999996,734.1669999999995,0.432560604572143,0.43966573774447937
46,ancient,none,-0.007719713822614343,774.1229999999995,786.1680000000002,0.44286283756429873,0.4343909154105214
47,ancient,none,-0.005491817623662815,777.0985000000002,785.6809999999991,0.4373346938054545,0.44543730308518104
48,ancient,none,0.05129678074713223,843.2165000000001,760.9290000000012,0.4482261729318239,0.4414277554900417
49,ancient,none,0.03449036950448846,819.0502499999999,764.4352500000002,0.44199567608842655,0.4396229249926405
0,ancient,low,0.00964605463581949,819.4299999999989,803.7725000000002,0.44530352786319566,0.44618808768377016
1,ancient,low,0.014696034019511889,800.5833749999993,777.3933750000004,0.44414639233008024,0.44531454833322986
2,ancient,low,0.05268035798915289,825.1735000000002,742.5834999999998,0.43790516886346165,0.4402909088149007
3,ancient,low,0.020773232673088848,772.5244999999998,741.0820000000001,0.4487659835916283,0.4448673099545561
4,ancient,low,0.02432870758424568,792.8127500000003,755.1527499999996,0.438348555755002,0.4427320963016776
5,ancient,low,0.09062665487683572,888.6714999999999,740.9815,0.44822462107401423,0.4415785335348784
6,ancient,low,0.04483624659129222,858.3509999999998,784.6834999999993,0.44687247285376064,0.4516623774436778
7,ancient,low,0.04627887133242813,845.7702499999998,770.9502500000009,0.4465052525285456,0.4509684913431162
8,ancient,low,-0.037835017854626424,802.2699999999998,865.3649999999997,0.44459838276370506,0.43748273346528316
9,ancient,low,0.003040037810987034,757.6322499999998,753.0397500000004,0.4309631198229402,0.4369864688890142
10,ancient,low,8.075310344324528e-05,743.0655000000004,742.9454999999996,0.45141263287443983,0.4471994312161283
11,ancient,low,-0.0582448078009623,773.3995000000001,869.0644999999998,0.4473308013474632,0.43785762019983615
12,ancient,low,-0.04355024123209538,759.4180000000003,828.5754999999998,0.4380735704695783,0.4414015401377692
13,ancient,low,0.04060429471730557,852.2250000000001,785.7174999999999,0.4472900390662279,0.4546307265500487
14,ancient,low,0.05328114662363099,851.7200000000003,765.5500000000005,0.4446702497279627,0.44092880838635296
15,ancient,low,0.025814183431762155,765.6594999999996,727.1245,0.4421021450628051,0.4480822972368353
16,ancient,low,-0.08177998661294045,774.0395000000002,911.9170000000001,0.4444929230705474,0.4414091197686928
17,ancient,low,-0.03992191395598805,735.9865000000007,797.1939999999994,0.4382246775922427,0.4416316964857495
18,ancient,low,-0.03450992555831223,778.1850000000003,833.8149999999996,0.4449453545803362,0.4462824545728552
19,ancient,low,0.020397585754621462,812.6002500000001,780.1127499999997,0.4478219536524418,0.4408932831396779
20,ancient,low,-0.0485777358161989,696.5850000000003,767.7174999999999,0.44463416095626757,0.4359713450607286
21,ancient,low,0.07303235674255987,852.737875,736.6603749999997,0.44662666594633554,0.4533967432554252
22,ancient,low,0.04443332421276125,819.7294999999991,749.9819999999994,0.44125200803016135,0.4494917824644215
23,ancient,low,0.04716357899983512,818.312,744.5994999999992,0.4446726121318745,0.4367010121094091
24,ancient,low,-0.035939393393828435,763.059875,819.9523749999995,0.4440570011526043,0.4516897686983091
25,ancient,low,-0.09061462971008746,729.9624999999992,875.4349999999991,0.43595942520979863,0.4341841668961085
26,ancient,low,0.04423574501997,874.3128749999993,800.2378749999998,0.452508631201927,0.44556398078024373
27,ancient,low,0.011424074994243878,800.4620000000003,782.3794999999989,0.4368511283897905,0.43975659687562735
28,ancient,low,-0.02394334249061216,735.8129999999995,771.9130000000002,0.45055249285044385,0.4453858169652589
29,ancient,low,-0.05522994881582479,758.3569999999999,847.0219999999998,0.44586318492464727,0.44444727218212043
30,ancient,low,-0.046310873890222704,742.0502500000002,814.1177500000003,0.44269064748725345,0.43665502372987064
31,ancient,low,0.03210220759417326,838.4449999999988,786.2874999999988,0.44390492157596473,0.44578071913199474
32,ancient,low,0.05991617845016158,832.6675000000014,738.5274999999997,0.44622013479887557,0.45252686239999035
33,ancient,low,0.07629317586445054,864.8500000000005,742.2400000000006,0.4567253481263263,0.4501679403855907
34,ancient,low,-0.00680860137346707,777.8679999999998,788.533,0.44499718688101664,0.4411009537616166
35,ancient,low,-0.03513957093481269,815.9814999999995,875.4164999999998,0.44870452345255857,0.443992668895696
36,ancient,low,-0.0014243547609765596,790.4589999999994,792.7139999999989,0.4374335380685827,0.4354859014915586
37,ancient,low,0.027720364001739127,802.1545000000003,758.8819999999995,0.43886728464675545,0.4405680575971424
38,ancient,low,0.0296825702670719,871.0609999999992,820.8409999999998,0.452804622429621,0.4517226730069981
39,ancient,low,-0.06156824306673463,735.5285000000003,832.041,0.448087355667615,0.4402133886105759
40,ancient,low,-0.04872977276389197,776.3634999999999,855.9034999999996,0.44693690210610443,0.45226429533969026
41,ancient,low,0.05769465799035989,887.0699999999997,790.2949999999997,0.44054466121719543,0.4433989971318572
42,ancient,low,0.02668496564699462,816.9052499999995,774.44025,0.4479512972799055,0.45026582392736836
43,ancient,low,0.003270125676659644,792.3075000000003,787.1425000000003,0.4304297456305133,0.4363570490763233
44,ancient,low,0.0041327540757698355,772.0352499999997,765.6802500000002,0.44216623476913836,0.44157493964129685
45,ancient,low,0.03578481142431164,810.7804999999996,754.7579999999999,0.43666141084918075,0.4389965207869707
46,ancient,low,0.023617661305123005,796.1777499999994,759.4377499999998,0.43420976480025025,0.4285359202651044
47,ancient,low,0.008516993354310812,797.3590000000007,783.8915000000001,0.4440665559305216,0.44295147878211605
48,ancient,low,0.05618212780212717,832.3369999999995,743.7869999999997,0.4416203610773707,0.4358504736422337
49,ancient,low,0.04380206576734716,887.458,812.9754999999997,0.4379886549531704,0.4379869960035996
0,ancient,moderate,-0.013759182031445107,744.6524999999996,765.4299999999993,0.43818822053992573,0.4389596807549622
1,ancient,moderate,-0.04618239201041177,739.9810000000006,811.6384999999997,0.452485779072657,0.4518771210368381
2,ancient,moderate,-0.025669360678777207,737.9780000000001,776.8629999999996,0.4410624738371094,0.4418815692319609
3,ancient,moderate,-0.05767594104048353,776.7205000000002,871.8004999999991,0.44295600515141,0.44761420558906745
4,ancient,moderate,-0.013868936235492213,771.3849999999987,793.0824999999986,0.4428509722974068,0.43711743905945205
5,ancient,moderate,-0.038515710531579296,790.8414999999998,854.2015000000006,0.44588306642713144,0.4475275386940333
6,ancient,moderate,-0.004352699031326303,799.7409999999995,806.7334999999999,0.444520860022975,0.4449124078737702
7,ancient,moderate,-0.09171700798235811,722.8274999999993,868.8074999999998,0.4306983781841695,0.43998569659362413
8,ancient,moderate,0.0047809073400788184,778.6624999999992,771.252500000001,0.4509267852125246,0.4495686973058417
9,ancient,moderate,-0.06797247825652893,742.256,850.5209999999993,0.44465261656828,0.44861156672600044
10,ancient,moderate,0.03784915064301306,863.8539999999992,800.8465000000001,0.4394734537986093,0.4418874958710145
11,ancient,moderate,-0.053648650147605975,746.5162500000001,831.156249999999,0.43912891948193056,0.4378593571196979
12,ancient,moderate,-0.031650875123632634,732.0929999999997,779.9505000000001,0.44325756000677546,0.4493605037947393
13,ancient,moderate,-0.036289976476654114,788.7409999999995,848.1434999999992,0.44153948846669355,0.44477419313851685
14,ancient,moderate,0.030337918553219895,827.358,778.6354999999994,0.44879338053237866,0.44192809681220513
15,ancient,moderate,0.04878861365059983,870.423625,789.4411250000005,0.44181773505400024,0.44173209227299937
16,ancient,moderate,0.04797402244281903,871.0540000000001,791.3040000000003,0.44822665251917854,0.4428463557526925
17,ancient,moderate,-0.020141692864261918,835.1689999999992,869.5039999999991,0.4533763077834299,0.445393686371834
18,ancient,moderate,0.022141164571174134,793.802749999999,759.4127500000005,0.44310468112989426,0.43947684483388516
19,ancient,moderate,0.04705963348063636,787.0529999999997,716.3055000000004,0.4432247216823679,0.4464089273777886
20,ancient,moderate,-0.08616556037717282,743.7417500000001,883.9967499999988,0.43555372686982413,0.44036401253776275
21,ancient,moderate,-0.12185121750844538,721.7809999999998,922.088499999999,0.4533090168966793,0.4518840810531714
22,ancient,moderate,0.06531380226714373,798.0417499999995,700.1867500000002,0.43784487224969393,0.4377125188429623
23,ancient,moderate,0.0008484524741090892,827.2059999999999,825.8034999999991,0.4440438460259514,0.4476692788444875
24,ancient,moderate,0.003291232516028837,781.5272499999996,776.3997500000004,0.4443912155588822,0.43767655931918914
25,ancient,moderate,0.026124882551394016,808.9729999999994,767.7805,0.4476958596779512,0.44729163197882843
26,ancient,moderate,-0.08374544775298799,691.6320000000004,818.0619999999999,0.43601842484269676,0.43592351511077304
27,ancient,moderate,0.05467465554019488,862.6492499999994,773.2092499999995,0.45053298066797204,0.4473849723225481
28,ancient,moderate,-0.04027173000537983,783.0969999999995,848.8169999999989,0.4437163744502536,0.44193641190117794
29,ancient,moderate,0.08943644974939757,868.9100000000003,726.245,0.4376677436039222,0.4421652707901231
30,ancient,moderate,0.004408145047031227,816.8522500000003,809.6822499999998,0.44429139284415137,0.4454501794803244
31,ancient,moderate,0.0075456918647710215,797.4837499999995,785.53875,0.4449109684246175,0.44301736022839544
32,ancient,moderate,-0.0056248336018784205,807.6775,816.8149999999995,0.4503632683041611,0.44756161281002294
33,ancient,moderate,0.012675444172754943,856.2499999999997,834.8149999999998,0.4436835524882397,0.4500761068789441
34,ancient,moderate,-0.05230553526549727,765.4812499999995,849.9787499999996,0.4441731316783424,0.44633387072974245
35,ancient,moderate,0.04254370309160832,834.5872499999995,766.4722500000006,0.4414595456932708,0.43735135349594495
36,ancient,moderate,0.04287306577311422,818.2210000000001,750.9459999999998,0.4404360171170958,0.44447325092286183
37,ancient,moderate,0.02942763932306248,838.2479999999991,790.323,0.4448616819153805,0.4471695685646551
38,ancient,moderate,-0.035543538239049696,754.8481249999998,810.4856249999998,0.44191073360838456,0.4465092571990721
39,ancient,moderate,0.03563862842216385,786.6027499999997,732.4652500000001,0.44596496160215693,0.44503363077080366
40,ancient,moderate,-0.005578857029953186,816.5994999999998,825.7619999999993,0.4381097902421881,0.44024079847995584
41,ancient,moderate,-0.09093003063620538,738.5253750000002,886.2678749999999,0.4482492656891558,0.44989836624502827
42,ancient,moderate,0.05212874417351757,812.4272499999998,731.9222500000001,0.4336905374787291,0.43619835438833765
43,ancient,moderate,0.020312096787352227,844.1445000000002,810.534500000001,0.4504706563923739,0.4475050567284373
44,ancient,moderate,-0.01199261063906816,785.1260000000005,804.1859999999992,0.4442627856730464,0.443947918690335
45,ancient,moderate,-0.006808070707669358,732.5225000000002,742.5649999999994,0.43340323783423124,0.4372317182991346
46,ancient,moderate,-0.04953565609565449,744.3542499999998,821.9417499999989,0.4385190929921029,0.4409714303669158
47,ancient,moderate,0.0161444082771963,795.9669999999994,770.6745000000002,0.43744664814891615,0.43835363051297327
48,ancient,moderate,-0.006741784823546079,824.672250000001,835.8672499999998,0.4519756976914642,0.45116484054155964
49,ancient,moderate,0.03775037445987073,818.2339999999998,758.7040000000002,0.4426482095740854,0.44090064619818214
0,ancient,high,0.07807736270716949,919.8244999999987,786.5920000000001,0.4411668480642564,0.43296719118162974
1,ancient,high,-0.01491464224174649,835.0969999999995,860.3844999999992,0.4370596427696089,0.4367415964103329
2,ancient,high,0.008010466577247726,932.4497500000007,917.6297499999995,0.44482267782003704,0.44516630843077415
3,ancient,high,-0.043243847840905625,791.2337500000002,862.7587499999993,0.44508671569689273,0.4415377438292229
4,ancient,high,-0.01575638910482118,776.144,800.9939999999995,0.45594233396274825,0.4596281838162731
5,ancient,high,0.044907481416062676,897.1269999999996,820.0144999999997,0.43655097585224434,0.4306807174038014
6,ancient,high,0.003917342391645964,819.76,813.3624999999992,0.44581076090991945,0.43750189371787296
7,ancient,high,0.0864861413515842,889.0984999999988,747.5509999999994,0.4359916551426282,0.4334848034804963
8,ancient,high,0.07579929609947426,865.8809999999993,743.8634999999992,0.4410549740535224,0.4389008557307194
9,ancient,high,-0.030014999347853386,743.6875000000009,789.7124999999993,0.4478255740379447,0.44138273486712953
10,ancient,high,0.03182859529095562,757.3317499999997,710.6092499999991,0.435771402284075,0.4377637656461966
11,ancient,high,0.09116340963492962,926.170499999998,771.4130000000006,0.4325730549875244,0.43047482930891035
12,ancient,high,0.07206803964500554,945.4857500000012,818.3682499999995,0.44407895740339676,0.44394075423555157
13,ancient,high,-0.023164377639340997,795.9009999999995,833.6484999999988,0.44284673771339994,0.4426114723550943
14,ancient,high,0.06004543564635276,829.8729999999997,735.8580000000002,0.4399134736736288,0.4369896540231487
15,ancient,high,-0.03810406634783341,791.4915000000011,854.1990000000003,0.45040666978052024,0.4439823207112451
16,ancient,high,0.03633561532721205,798.5224999999999,742.5274999999998,0.4452744330935411,0.43991805929200956
17,ancient,high,-0.04603092902303902,776.1075000000003,851.0049999999999,0.4452957677119459,0.45050057113799463
18,ancient,high,0.016073441719240588,834.5885000000005,808.1835000000002,0.44045791942472906,0.43842164384887927
19,ancient,high,0.04281353101715846,867.5086249999995,796.2761249999993,0.4455886416086727,0.43958065158558923
20,ancient,high,0.012251712811336714,844.0792499999992,823.6467499999999,0.443464318423439,0.434743769761053
21,ancient,high,0.08983706317139317,943.9942500000003,788.3642500000003,0.4453795826459567,0.43808205530892064
22,ancient,high,0.000946747825588311,785.0062499999996,783.5212499999991,0.4432105748948034,0.4365514048445484
23,ancient,high,0.0595971234455092,883.4106250000004,784.0356249999991,0.44195012438154063,0.4367544943423247
24,ancient,high,0.001972753058539551,851.3771249999995,848.0246249999996,0.4433231147185796,0.45104081553197956
25,ancient,high,0.018486377631872056,786.18975,757.6497499999995,0.4378444730676575,0.44118230230034633
26,ancient,high,0.06623691166965436,946.0597499999994,828.5172499999993,0.4447625853698487,0.4345921071046877
27,ancient,high,0.11368194490431165,866.9509999999991,689.9584999999998,0.44219138921307277,0.4403060854763684
28,ancient,high,0.015072805885326047,827.3289999999998,802.7590000000005,0.4410373031285577,0.44320060104249054
29,ancient,high,-0.014631198942522157,742.8384999999995,764.898500000001,0.4465176235526742,0.44433732734489007
30,ancient,high,-0.021122430086457804,798.3167499999996,832.7692499999997,0.43860079511527633,0.4369744122821708
31,ancient,high,0.01805142587932361,784.41575,756.59825,0.4454921331269925,0.43863949626251414
32,ancient,high,0.04807383091177565,934.9503750000002,849.1803750000007,0.4343016492001952,0.4259405139108015
33,ancient,high,-0.029247838098106764,752.5130000000005,797.8580000000004,0.4367166103562406,0.44284793181033116
34,ancient,high,0.0022401673729830775,748.2684999999992,744.9234999999999,0.4414767677287383,0.43725952755499764
35,ancient,high,0.11052613335808557,945.1432499999988,757.0107500000001,0.4357458045588902,0.4333138808131006
36,ancient,high,0.07475624911838649,883.8322499999996,760.87975,0.44661740456539256,0.44142689653353867
37,ancient,high,0.04911365305676617,808.0842499999998,732.4242500000005,0.4381990604816253,0.44054719097364387
38,ancient,high,-0.04531926091040826,664.3849999999998,727.4624999999992,0.4349920244795945,0.43709035501405136
39,ancient,high,0.06431363235190257,842.4788749999992,740.6613750000001,0.4369274978787451,0.4457130758119127
40,ancient,high,-0.008525936641830505,821.1468750000003,835.2693749999987,0.4420357514936938,0.43434442774977505
41,ancient,high,-0.06046412706845173,776.39275,876.3227499999997,0.44496589043043877,0.4483293792702369
42,ancient,high,0.04256600254810109,836.3109999999995,768.0209999999994,0.4447944614483298,0.44226837924082923
43,ancient,high,-0.003075528084734233,767.4190000000004,772.153999999999,0.4413527823794604,0.44596429323856634
44,ancient,high,0.06905379738946096,868.355249999999,756.1752499999994,0.4453327576468866,0.451674888343703
45,ancient,high,-0.028408639556469106,764.4252500000003,809.127750000001,0.4462054184257268,0.4463950271483312
46,ancient,high,0.01886127516214992,800.8270000000001,771.1769999999998,0.44470977707161863,0.43602027040172614
47,ancient,high,0.02228190715451186,809.7724999999992,774.4724999999996,0.4469001915606414,0.4375954100430232
48,ancient,high,0.025774673070177744,823.2667500000003,781.8942500000007,0.44500515756782333,0.44771286973414076
49,ancient,high,0.025448413919976803,769.083875,730.9113750000009,0.4562656338925867,0.44832300179340284
